job_id,job_title,company_name,company_url,posted_time,page_number
130824014484,Lead Generation Specialist,Symtrax,https://www.naukri.com/symtrax-jobs-careers-368873,1 Day Ago,1
181024019905,"Hiring: Lead Generation Executive at XDBS, WTC Kharadi, Pune",On Direct Marketing Services,https://www.naukri.com/on-direct-marketing-services-jobs-careers-6969213,4 Days Ago,1
161024009435,Business Development Executive/ Lead Generation,Bluethink It Consulting,https://www.naukri.com/bluethink-it-consulting-jobs-careers-6046382,6 Days Ago,1
221024926517,Lead Generation Executive,PlatinumOne,https://www.naukri.com/credicus-business-services-jobs-careers-123749799,Just Now,1
211024500506,Business Development Executive (LinkedIn Lead Generation Specialist),Techsaga,https://www.naukri.com/techsaga-jobs-careers-4321614,1 Day Ago,1
211024004730,Lead Generation Executive,Kennies Star,https://www.naukri.com/kennies-star-jobs-careers-124023988,1 Day Ago,1
091024503382,Lead Generation Executive,Growfusely,https://www.naukri.com/growfusely-jobs-careers-124275708,13 Days Ago,1
211024913822,Lead Generation Specialist,Btw Financial Services & Imf,https://www.naukri.com/btw-financial-services-imf-jobs-careers-123976899,1 Day Ago,1
091024013522,Lead Generation Specialist,Techorbit Solutions,https://www.naukri.com/techorbit-solutions-jobs-careers-6362922,13 Days Ago,1
161024011529,Lead Generation Executive,Demanday,https://www.naukri.com/consultech-code-jobs-careers-123555415,6 Days Ago,1
181024019198,"Hiring: Lead Generation Executive at XDBS, WTC Kharadi, Pune",On Direct Marketing Services,https://www.naukri.com/on-direct-marketing-services-jobs-careers-6969213,4 Days Ago,1
181024011643,"Hiring: Lead Generation Executive at XDBS, WTC Kharadi, Pune",On Direct Marketing Services,https://www.naukri.com/on-direct-marketing-services-jobs-careers-6969213,4 Days Ago,1
081024021535,"Immediate Hiring: Lead Generation Executive at XDBS, Pune",On Direct Marketing Services,https://www.naukri.com/on-direct-marketing-services-jobs-careers-6969213,14 Days Ago,1
091024010889,"Hiring: Lead Generation Executive at XDBS, Pune",On Direct Marketing Services,https://www.naukri.com/on-direct-marketing-services-jobs-careers-6969213,13 Days Ago,1
221024926385,Lead Generation Executive,Platinum One,https://www.naukri.com/credicus-business-services-jobs-careers-123749799,Just Now,1
141024005329,Hiring -LEAD Generation Executive at XDBS,On Direct Marketing Services,https://www.naukri.com/on-direct-marketing-services-jobs-careers-6969213,8 Days Ago,1
141024005245,Hiring -LEAD Generation Executive at XDBS,On Direct Marketing Services,https://www.naukri.com/on-direct-marketing-services-jobs-careers-6969213,8 Days Ago,1
221024924488,Urgent Opening Lodha Sales Executive (Lead Generation) - Voice Process,QConnect,https://www.naukri.com/credicus-business-services-jobs-careers-123749799,Few Hours Ago,1
221024921806,Lead Generation Executive,reliable space pvt. ltd. ,https://www.naukri.com/credicus-business-services-jobs-careers-123749799,Few Hours Ago,1
130824009539,Lead Generation Executive,NexThoughts Software,https://www.naukri.com/nexthoughts-jobs-careers-4058906,1 Day Ago,1
081024018604,Lead Generation Executive,Haze Busting Consultancy Services,https://www.naukri.com/haze-busting-consultancy-services-jobs-careers-4325746,14 Days Ago,2
041024025009,"Walk-in Drive: Lead Generation Executive at XDBS, WTC Kharadi, Pune",On Direct Marketing Services,https://www.naukri.com/on-direct-marketing-services-jobs-careers-6969213,18 Days Ago,2
090424500933,Lead Generation Executive,Thinksprout Infotech,https://www.naukri.com/thinksprout-infotech-jobs-careers-123869709,30+ Days Ago,2
101024019953,Sales Lead Generation Executive,Ayurashish Innovations Pvt Ltd,https://www.naukri.com/ayurashish-innovations-jobs-careers-123977525,12 Days Ago,2
030724008223,Inside Sales Executive/ Lead generation Executive,Happiest Health Systems,https://www.naukri.com/happiest-health-systems-jobs-careers-123710727,5 Days Ago,2
221024926840,"Lead Generation Executive, Voice process",Athena BPO,https://www.naukri.com/credicus-business-services-jobs-careers-123749799,Just Now,2
221024926751,"Lead Generation Executive, Voice process",Athena BPO,https://www.naukri.com/credicus-business-services-jobs-careers-123749799,Just Now,2
221024926654,"Lead Generation Executive, Voice process",Athena BPO,https://www.naukri.com/credicus-business-services-jobs-careers-123749799,Just Now,2
221024926502,"Lead Generation Executive, Voice process",Athena BPO,https://www.naukri.com/credicus-business-services-jobs-careers-123749799,Just Now,2
221024925591,Opening For Lead Generation Executive-Voice Process,QConnect,https://www.naukri.com/credicus-business-services-jobs-careers-123749799,Just Now,2
071024500901,Lead Generation Executive,Cogniscient Business Solutions,https://www.naukri.com/cogniscient-business-solutions-jobs-careers-387087,15 Days Ago,2
260924007803,"Urgent Hiring: Lead Generation Executive at XDBS, WTC Kharadi, Pune",On Direct Marketing Services,https://www.naukri.com/on-direct-marketing-services-jobs-careers-6969213,18 Days Ago,2
181024017922,"Inside Sales/Lead Generation Specialist in IT Sales
",OMFYS Technologies India Pvt. Ltd.,https://www.naukri.com/omfys-technologies-jobs-careers-3176406,4 Days Ago,2
011024009747,Lead Generation Executive,We make it happen,,21 Days Ago,2
011024004226,Lead Generation Executive,myself,,21 Days Ago,2
181024019826,"Lead Generation Executive, Outbound Voice Process, Telesales",Reliable Business Solutions & Services (RBSS),https://www.naukri.com/credicus-business-services-jobs-careers-123749799,4 Days Ago,2
090224501048,Organic Lead Generation Executive,Ayka - For The People,https://www.naukri.com/ayka-for-the-people-jobs-careers-123919365,30+ Days Ago,2
130923010190,Lead Generation Executive,Techila Global Services,https://www.naukri.com/techila-global-services-jobs-careers-3044300,12 Days Ago,2
070524501320,Lead Generation Executive,Accurate Powertech,https://www.naukri.com/accurate-powertech-jobs-careers-1505388,30+ Days Ago,2
090724501088,Lead Generation Executive,Opengrowth Media,https://www.naukri.com/opengrowth-media-jobs-careers-5832050,30+ Days Ago,2
190422500957,Lead Generation Executive,Maven Biztech,https://www.naukri.com/maven-biztech-jobs-careers-5796194,30+ Days Ago,3
131022501320,Lead Generation Executive,HQL Solutions,https://www.naukri.com/hql-solutions-jobs-careers-123516217,30+ Days Ago,3
181024502567,Lead Generation Specialist,Rupee Xpert Management,https://www.naukri.com/rupee-xpert-management-jobs-careers-124429872,4 Days Ago,3
151024020721,Lead Generation Specialist,Vantageiq Technologies Opc,https://www.naukri.com/vantageiq-technologies-opc-jobs-careers-5824246,7 Days Ago,3
071024021964,Inside Sales/Lead Generation Specialist in IT Sales - Domestic Market,Quinnox,https://www.naukri.com/quinnox-jobs-careers-16545,15 Days Ago,3
221024019378,Lead Generation Specialist _ Email & LinkedIn,Vserve Ebusiness Solutions India,https://www.naukri.com/vserve-ebusiness-solutions-india-jobs-careers-5317166,Few Hours Ago,3
221024017594,LinkedIn Lead Generation Specialist/Manager,Gensig Software Services India,https://www.naukri.com/gensig-services-india-jobs-careers-2313446,1 Day Ago,3
151024906026,Lead Generation Executive,Kaspon,https://www.naukri.com/kaspon-jobs-careers-798544,7 Days Ago,3
101024019195,Lead Generation Specialist,KK Software associates,,12 Days Ago,3
161024021864,Lead Generation Executive #Ahmedabad(salary start with 20Kctc ),Arise Solutions,https://www.naukri.com/arise-solutions-jobs-careers-741637,6 Days Ago,3
151024014195,Lead Generation Executive,N J Technologies,https://www.naukri.com/n-j-technologies-jobs-careers-2026798,7 Days Ago,3
120324500635,Leads Generation Executive,Nextwebi,https://www.naukri.com/nextwebi-jobs-careers-2500826,30+ Days Ago,3
141024006490,Lead Generation Executive,Dove Soft,https://www.naukri.com/dove-soft-jobs-careers-6240262,8 Days Ago,3
121024000093,Inside Sales Representative Lead Generation,Informatic Technologies Inc.,https://www.naukri.com/informatic-technologies-jobs-careers-123966307,10 Days Ago,3
191024009149,Lead Generation Executive,BCM Group,https://www.naukri.com/bcm-group-jobs-careers-928550,3 Days Ago,3
181024500427,Lead Generation Executive - Chennai,Signals Systems (India) Pvt Ltd.,https://www.naukri.com/signals-jobs-careers-5496698,4 Days Ago,3
150915500023,Lead Generation Executive (Business),Trendz Web Solution,https://www.naukri.com/trendz-web-solution-jobs-careers-1974234,30+ Days Ago,3
080724503015,Lead Generation Executive,Tridizi,https://www.naukri.com/tridizi-jobs-careers-124265592,30+ Days Ago,3
150124501523,Business Development Executive/Lead Generation,Jai Infoway,https://www.naukri.com/jai-infoway-jobs-careers-4369818,30+ Days Ago,3
060924500668,Business Development & Lead Generation Specialist,Aqusag Technologies,https://www.naukri.com/aqusag-technologies-jobs-careers-4172896,Starts in 1-3 months,3
130824008339,Mba Fresher || Lead Generation/Inside sales Executive,Cannyfore,,22 Days Ago,4
151024004187,Part-Time Sales Lead Generation Specialist at Vigilantech,Vigilantech,https://www.naukri.com/vigilantech-jobs-careers-124431278,7 Days Ago,4
041024001570,Business Development Executive - EB-5 Leads Generation,Austin Nichols Engineers,https://www.naukri.com/austin-nichols-engineers-jobs-careers-124098690,18 Days Ago,4
221024500507,Lead Generation Specialist - Vertoz,Vertoz,https://www.naukri.com/vertoz-jobs-careers-3810242,1 Day Ago,4
111024501446,Lead Generation Specialist,Optra Health,https://www.naukri.com/optra-health-jobs-careers-2034942,11 Days Ago,4
111024501186,Lead Generation Specialist,"Optrascan, Inc.",https://www.naukri.com/optrascan-jobs-careers-3499948,11 Days Ago,4
171024921668,Lead Generation Executive,DDI,https://www.naukri.com/ddi-jobs-careers-124038968,5 Days Ago,4
081024910685,Demand Generation Lead,IBM,https://www.naukri.com/ibm-jobs-careers-16987,14 Days Ago,4
130924019762,Lead Generation Executive,ERM Placement Services (p) Ltd.,https://www.naukri.com/erm-placement-services-jobs-careers-1477290,Starts in 3-6 months,4
080724502681,Lead Generation Executive,Ptn Events,https://www.naukri.com/ptn-events-jobs-careers-124269156,30+ Days Ago,4
310815500245,Lead Generation Executive,Trendz Web Solution,https://www.naukri.com/trendz-web-solution-jobs-careers-1974234,30+ Days Ago,4
230724501284,Lead Generation Executive,Mitigata,https://www.naukri.com/mitigata-jobs-careers-124301144,30+ Days Ago,4
051021501356,SDR Executive Prime: Lead generation,VoiceTree Technologies Pvt Ltd.,https://www.naukri.com/voicetree-technologies-jobs-careers-654283,30+ Days Ago,4
181024014614,Lead Generation Specialist,H K Jewels,https://www.naukri.com/h-k-jewels-jobs-careers-548421,4 Days Ago,4
161024014201,Lead Generation Specialist,KnowledgeWorks Global (KGL),https://www.naukri.com/knowledgeworks-global-kgl-jobs-careers-738479,6 Days Ago,4
240724501341,B2B Lead Generation Executive,Black Gambit Marketing & Technologies,https://www.naukri.com/black-gambit-marketing-technologies-jobs-careers-6090994,30+ Days Ago,4
300518500233,Lead Generation/ Demand Generation Executive,SBT Research,https://www.naukri.com/sbt-research-jobs-careers-3561012,30+ Days Ago,4
011024920274,Inside Sales Executive || Lead Generation IT || Outbound Sales,Vinove Software/ Value Coders,https://www.naukri.com/vinove-jobs-careers-96739,21 Days Ago,4
220223500258,Inside Sales - Lead Generation Executive,Groupsoft,https://www.naukri.com/groupsoft-jobs-careers-1257328,30+ Days Ago,4
191024003851,Sales Manager- Inside sales| lead generation| cold calling| US Sales,Hiring for Top MNC's- Contact - 080-67432436/7204806845,,3 Days Ago,4
111024017111,Lead Generation Specialist,Testingxperts,https://www.naukri.com/testingxperts-jobs-careers-1973884,11 Days Ago,5
091024014316,Lead Generation Specialist,RAY Noya,https://www.naukri.com/ray-noya-jobs-careers-124379922,5 Days Ago,5
041024917262,Lead Generation Manager / Business development,Essvee Consultant,https://www.naukri.com/essvee-consultant-jobs-careers-123488705,18 Days Ago,5
250924506243,Business Development & Lead Generation Specialist,Futops Technologies India,https://www.naukri.com/futops-technologies-india-jobs-careers-123692561,27 Days Ago,5
191024003765,Team lead- Inside sales| lead generation| cold calling| US Sales,Hiring for Top MNC's- Contact 080-67432436/ 7204806845,,3 Days Ago,5
211024012582,Urgent Opening | Market Research Analyst (Lead Generation) | Remote,Birdeye,https://www.naukri.com/birdeye-jobs-careers-3156120,1 Day Ago,5
160924007335,Linkedin Sales Navigator / Lead Generation Specialist,Your Retail Coach (YRC),https://www.naukri.com/mind-a-mend-jobs-careers-1305646,7 Days Ago,5
151024500344,Lead Generation Specialist Sales,Techcedence Infosystems,https://www.naukri.com/techcedence-infosystems-jobs-careers-6155780,7 Days Ago,5
240924019866,Assistant Manager/Sr. Executive- Lead Generation,Projects Today,https://www.naukri.com/adfactors-pr-jobs-careers-28837,28 Days Ago,5
141024012969,Lead Generation Executive - Mumbai - BKC,H K Jewels,https://www.naukri.com/h-k-jewels-jobs-careers-548421,8 Days Ago,5
141024009515,Lead Generation & Demo Scheduling Specialist (SaaS Sales) - Part Time,Mobilitysum Technologies,https://www.naukri.com/mobilitysum-technologies-jobs-careers-2600926,8 Days Ago,5
101024017064,Field Sales- Lead Generation Specialist,Bhaarat Wealth Group,https://www.naukri.com/bhaarat-wealth-group-jobs-careers-124331718,12 Days Ago,5
240924918300,Lead Generation Executive - Immediate Joiner | Noida,Infradost Technologies,https://www.naukri.com/infradost-technologies-jobs-careers-123911199,28 Days Ago,5
230924502339,Lead Generation Executive,Robas Research,https://www.naukri.com/robas-research-jobs-careers-1894700,29 Days Ago,5
070624502145,Lead Generation Executive,Sufalam Technologies Pvt. Ltd.,https://www.naukri.com/sufalam-jobs-careers-675295,30+ Days Ago,5
210624502142,Lead Generation Executive,Resolute B2b Llp,https://www.naukri.com/resolute-b2b-jobs-careers-4807058,30+ Days Ago,5
220424502232,Lead Generation Executive,Zithas Nextzen,https://www.naukri.com/zithas-nextzen-jobs-careers-2490316,30+ Days Ago,5
190924502158,Lead Generation Executive,Mprofit Software,https://www.naukri.com/mprofit-jobs-careers-124375490,30+ Days Ago,5
180324500826,Junior Lead Generation Executive,Livares Technologies Pvt Ltd,https://www.naukri.com/livares-technologies-jobs-careers-1286436,30+ Days Ago,5
120224501912,Telecaller / Lead Generation Executive,Admissify,https://www.naukri.com/admissify-jobs-careers-3223448,30+ Days Ago,5
050424501039,Lead Generation Executive,Geeklabs Software,https://www.naukri.com/geeklabs-jobs-careers-3568056,30+ Days Ago,6
041223500358,Lead Generation Executive,Benaka Healthcare,https://www.naukri.com/benaka-healthcare-jobs-careers-123901407,30+ Days Ago,6
300920501103,Lead Generation Executive,Ijager Technologies,https://www.naukri.com/ijager-technologies-jobs-careers-5710192,30+ Days Ago,6
280722500320,International Lead Generation Executive,Coloredcow,https://www.naukri.com/coloredcow-jobs-careers-4729960,30+ Days Ago,6
261118500203,Lead Generation Executive,Official Gates Technologies,https://www.naukri.com/official-gates-technologies-jobs-careers-309179,30+ Days Ago,6
260423502356,Lead Generation Executive,Upadapt,https://www.naukri.com/upadapt-jobs-careers-123707031,30+ Days Ago,6
170924506242,Lead Generation Executive,Novus Insights,https://www.naukri.com/novus-insights-jobs-careers-123940825,30+ Days Ago,6
150922501969,Lead Generation Executive,Adaired Digital Media,https://www.naukri.com/adaired-digital-media-jobs-careers-4870336,30+ Days Ago,6
120424502396,Lead Generation Executive,Aadya Techno Bytes,https://www.naukri.com/aadya-techno-bytes-jobs-careers-3526774,30+ Days Ago,6
120424502395,Lead Generation Executive,Aadya Techno Bytes,https://www.naukri.com/aadya-techno-bytes-jobs-careers-3526774,30+ Days Ago,6
120324500393,Lead Generation Executive,Xcellence It,https://www.naukri.com/xcellence-it-jobs-careers-4098520,30+ Days Ago,6
151220500519,Executive Sales - Demand / Lead Generation,Neilsoft,https://www.naukri.com/neilsoft-jobs-careers-31397,30+ Days Ago,6
041024918058,Lead Generation/Business Development Executive,Our Client,,18 Days Ago,6
091024014353,Lead Generation Specialist,Geotrackers Mobile Resource Management,https://www.naukri.com/geotrackers-mobile-resource-management-jobs-careers-658091,8 Days Ago,6
181024020106,Lead Generation Specialist,Ossisto Technologies,https://www.naukri.com/klm-laboratories-jobs-careers-3013206,4 Days Ago,6
171024009003,Lead Generation Specialist,Art Technology And Software,https://www.naukri.com/art-technology-and-jobs-careers-743469,5 Days Ago,6
111024501458,Lead Generation Specialist,Futureworks Media,https://www.naukri.com/futureworks-media-jobs-careers-2000692,7 Days Ago,6
160824500048,Lead Generation Executive,Hoonar Tekwurks Consulting,https://www.naukri.com/hoonar-tekwurks-consulting-jobs-careers-616877,30+ Days Ago,6
090724502305,Lead Generation Executive,Codeflash,https://www.naukri.com/codeflash-jobs-careers-124262170,30+ Days Ago,6
180724005996,Lead Generation Specialist,Desk Nine,https://www.naukri.com/desk-nine-jobs-careers-3300914,8 Days Ago,6
060824018208,Lead Generation Executive,ERM Placement Services (p) Ltd.,https://www.naukri.com/erm-placement-services-jobs-careers-1477290,14 Days Ago,7
111024018334,Enterprise Business Lead Generation Specialist,Magnasoft ,https://www.naukri.com/magnasoft-jobs-careers-10326,11 Days Ago,7
080624007249,Lead Generation Specialist,Soundlines HR Consultancy,https://www.naukri.com/soundlines-hr-consultancy-jobs-careers-6795443,2 Days Ago,7
081024918156,BDE / Lead Generation Specialist,Protonbits Software,https://www.naukri.com/protonbits-jobs-careers-124236004,14 Days Ago,7
260924004604,Lead Generation Executive,Infowryt Solutions,https://www.naukri.com/infowryt-solutions-jobs-careers-123780178,26 Days Ago,7
230123501523,Lead Generation Specialist,Prospectmetrix,https://www.naukri.com/prospectmetrix-jobs-careers-5161932,30+ Days Ago,7
130924501354,Lead Generation Specialist,4mation Biosciences Pvt.ltd,https://www.naukri.com/4mation-biosciences-jobs-careers-124302120,30+ Days Ago,7
240124501815,BDM-Lead Generation,People Tech,https://www.naukri.com/people-tech-jobs-careers-688197,30+ Days Ago,7
020124501141,Sales Executive ( Lead Generation ),Varseno Solutions,https://www.naukri.com/varseno-solutions-jobs-careers-3912872,30+ Days Ago,7
270924018505,Business Development Executive - USA Lead Generation,HEX64,https://www.naukri.com/hex64-jobs-careers-3809292,25 Days Ago,7
270924007551,Business Development Executive - USA Lead Generation,Cloud Flow Technologies,https://www.naukri.com/cloud-flow-technologies-jobs-careers-124392976,25 Days Ago,7
021024006067,Remote Business Development + Lead Generation Executive,Indsoft Systems,https://www.naukri.com/indsoft-systems-jobs-careers-5495648,20 Days Ago,7
310321500023,Lead Generation (Business Development Executive),Pcube Technologies,https://www.naukri.com/pcube-technologies-jobs-careers-3050922,30+ Days Ago,7
220222500282,Business Development Executive/ Lead generation Executive,Startup Ca,https://www.naukri.com/startup-ca-jobs-careers-5681696,30+ Days Ago,7
101221500805,IT Business Development Executive/ Lead Generation Executive,Spawoz Technologies,https://www.naukri.com/spawoz-technologies-jobs-careers-4725708,30+ Days Ago,7
040223500399,Business Development Executive/ Lead Generation Executive,Innofied Solution,https://www.naukri.com/innofied-solution-jobs-careers-935388,30+ Days Ago,7
270924915484,Lead Generation Specialist,Avantor,https://www.naukri.com/avantor-jobs-careers-6595,25 Days Ago,7
240924914676,Sales & Lead Generation Specialist,Btw Financial Services & Imf,https://www.naukri.com/btw-financial-services-imf-jobs-careers-123976899,28 Days Ago,7
200924504855,Lead Generation Executive,Growinity Solutions,https://www.naukri.com/growinity-solutions-jobs-careers-123969267,30+ Days Ago,7
250924006605,Lead Generation Executive,Bar Code India,https://www.naukri.com/bar-code-india-jobs-careers-6038,27 Days Ago,7
170424501711,Lead Generation Executive,Saletify,https://www.naukri.com/saletify-jobs-careers-4014510,30+ Days Ago,8
170924507853,Lead Generation Executive,Coleda B2b,https://www.naukri.com/coleda-b2b-jobs-careers-5892180,30+ Days Ago,8
090823500594,Lead Generation Executive,Dealsofloan,https://www.naukri.com/dealsofloan-jobs-careers-1363174,30+ Days Ago,8
300320501963,Lead Generation / Telesales Executive ( F),Quality Engineers,https://www.naukri.com/quality-engineers-jobs-careers-5468972,30+ Days Ago,8
270919500833,Lead Generation Executive,Etechno Lab,https://www.naukri.com/etechno-lab-jobs-careers-5161584,30+ Days Ago,8
261017500840,Tele Lead Generation / Follow Up Executive,ComputoVision,https://www.naukri.com/computovision-jobs-careers-1892104,30+ Days Ago,8
100623500061,B2B Lead Generation Executive/ Research Analyst,Parsippany Technologies,https://www.naukri.com/parsippany-technologies-jobs-careers-123810447,30+ Days Ago,8
101024500404,Lead Generation Specialist,Appy Pie,https://www.naukri.com/appy-pie-jobs-careers-3339880,12 Days Ago,8
091024501628,Lead Generation- Data Specialist,Efficiently Global Solutions,https://www.naukri.com/efficiently-global-solutions-jobs-careers-5471544,13 Days Ago,8
081024008199,Lead Generation Specialist,Cogent Innovations,https://www.naukri.com/cogent-innovations-jobs-careers-34142,14 Days Ago,8
071024503226,Lead Generation Specialist,Toxsl Technologies,https://www.naukri.com/toxsl-technologies-jobs-careers-982704,15 Days Ago,8
071024501357,Marketing Lead Generation Specialist,MosChip,https://www.naukri.com/moschip-jobs-careers-2707,15 Days Ago,8
071024500280,Lead Generation Specialist,Wing Assistant,https://www.naukri.com/getwingapp-jobs-careers-124368624,15 Days Ago,8
091024500927,Lead Generation Specialist,Profit By Outsourcing,https://www.naukri.com/profit-by-outsourcing-jobs-careers-1896198,13 Days Ago,8
211020500902,Lead Generation Executive,MyCityPune,https://www.naukri.com/mycitypune-jobs-careers-3323168,30+ Days Ago,8
221024927113,"Business Development Executive, Inside Sales",MIT,https://www.naukri.com/credicus-business-services-jobs-careers-123749799,Just Now,8
221024926212,"Business Development Executive, Inside Sales",MIT School of Distance Education(MITSDE),https://www.naukri.com/credicus-business-services-jobs-careers-123749799,Just Now,8
221024924358,"Business Development Executive, Inside sales, Telesales",MIT,https://www.naukri.com/credicus-business-services-jobs-careers-123749799,Few Hours Ago,8
221024924202,"Business Development Executive, Inside Sales Sal upto 25k",Eureka,https://www.naukri.com/credicus-business-services-jobs-careers-123749799,Few Hours Ago,8
221024923563,"Business Development Executive, Inside Sales",MIT,https://www.naukri.com/credicus-business-services-jobs-careers-123749799,Few Hours Ago,8
221024923471,"Urgent Vacancy Business Development Executive, Inside Sales",MIT,https://www.naukri.com/credicus-business-services-jobs-careers-123749799,Few Hours Ago,9
221024922445,"Business Development Executive, Inside Sales Office Work",MIT,https://www.naukri.com/credicus-business-services-jobs-careers-123749799,Few Hours Ago,9
221024922355,"Business Development Executive, Inside Sales Sal upto 25k",Eureka,https://www.naukri.com/credicus-business-services-jobs-careers-123749799,Few Hours Ago,9
221024920664,"Business Development Executive, Inside Sales Sal upto 25k",Eureka Outsourcing Solutions (EOS),https://www.naukri.com/credicus-business-services-jobs-careers-123749799,Few Hours Ago,9
101024021617,Lead Generation Executive,AHA Technocrats,https://www.naukri.com/aha-technocrats-jobs-careers-1574618,4 Days Ago,9
160524502987,Lead Generation Specialist,Wego,https://www.naukri.com/wego-jobs-careers-3220068,30+ Days Ago,9
011024917764,Lead Generation Specialist,10times Online,https://www.naukri.com/10times-online-jobs-careers-124404924,21 Days Ago,9
011024920923,Sales Lead Generation Executive (IT Services & Products),Vinove Software,https://www.naukri.com/vinove-jobs-careers-96739,21 Days Ago,9
041024023857,Inside Sales/Lead Generation Specialist in IT Sales,OMFYS Technologies India Pvt. Ltd.,https://www.naukri.com/omfys-technologies-jobs-careers-3176406,18 Days Ago,9
081024017766,"SEO Specialist with Content, Lead Generation & Google Ads Expertise",Oriental Outsourcing Consultants,https://www.naukri.com/oriental-outsourcing-consultants-jobs-careers-239228,14 Days Ago,9
010724500509,Lead Generation Specialist,Predikly Technologies,https://www.naukri.com/predikly-technologies-jobs-careers-4660144,30+ Days Ago,9
240623500012,Lead Generation Specialist,Onegreendiary Software,https://www.naukri.com/onegreendiary-jobs-careers-4633558,30+ Days Ago,9
191024005028,Lead Generation Executive,Sk Consulting,https://www.naukri.com/sk-consulting-jobs-careers-1985082,3 Days Ago,9
161024005896,Lead Generation Executive,N J Technologies,https://www.naukri.com/n-j-technologies-jobs-careers-2026798,6 Days Ago,9
280924008488,Lead Generation Executive,reliable space,https://www.naukri.com/credicus-business-services-jobs-careers-123749799,24 Days Ago,9
060717500705,Lead Generation Executive (Business),Trendz Web Solution,https://www.naukri.com/trendz-web-solution-jobs-careers-1974234,30+ Days Ago,9
101024013531,Lead Generation Executive,Talentaid Placements,https://www.naukri.com/talentaid-placements-jobs-careers-6649937,12 Days Ago,9
130423502168,Lead Generation Executive,IMC Group (Member Firm of Andersen Global),https://www.naukri.com/imc-group-jobs-careers-123728933,30+ Days Ago,9
160724500932,Lead Generation Executive,Congrow Manpower Solutions,https://www.naukri.com/congrow-manpower-solutions-jobs-careers-124285252,30+ Days Ago,9
230924004614,Sales Lead Generation Specialist Position.,Filix Consulting,https://www.naukri.com/filix-consulting-jobs-careers-543281,29 Days Ago,9
210924009031,Lead Generation/Business Development/HQL/BANT,Tsl Consulting,https://www.naukri.com/tsl-consulting-jobs-careers-168800,14 Days Ago,10
191024008654,Lead Generation Specialist,Talent Corner Hr Services,https://www.naukri.com/talent-corner-hr-services-jobs-careers-79059,3 Days Ago,10
181024019796,Lead Generation Specialist,Hiregenie,,4 Days Ago,10
031024015617,Lead Generation Executive - US Process,Ideal Crew Technology,https://www.naukri.com/ideal-crew-technology-jobs-careers-124108886,19 Days Ago,10
221024921481,Business Development Executive,MIT,https://www.naukri.com/credicus-business-services-jobs-careers-123749799,Few Hours Ago,10
221024011696,Inside Sales Executive,Prepca,https://www.naukri.com/prepca-jobs-careers-4850638,1 Day Ago,10
221024927450,"Business Development Executive, Telesales",MIT,https://www.naukri.com/credicus-business-services-jobs-careers-123749799,Just Now,10
221024927447,"Business Development Executive, Telesales",MIT,https://www.naukri.com/credicus-business-services-jobs-careers-123749799,Just Now,10
221024927056,Business Development Executive,MIT,https://www.naukri.com/credicus-business-services-jobs-careers-123749799,Just Now,10
221024926978,Business Development Executive,MIT,https://www.naukri.com/credicus-business-services-jobs-careers-123749799,Just Now,10
221024926930,Business Development Executive,MIT School of Distance Education(MITSDE),https://www.naukri.com/credicus-business-services-jobs-careers-123749799,Just Now,10
221024926557,Business Development Executive,MIT,https://www.naukri.com/credicus-business-services-jobs-careers-123749799,Just Now,10
221024926396,Business Development Executive,MIT,https://www.naukri.com/credicus-business-services-jobs-careers-123749799,Just Now,10
221024926083,Urgent Vacancy Business Development Executive,MIT,https://www.naukri.com/credicus-business-services-jobs-careers-123749799,Just Now,10
221024925924,Business Development Executive,MIT University ,https://www.naukri.com/credicus-business-services-jobs-careers-123749799,Just Now,10
221024924825,Business Development Executive @MIT,MIT,https://www.naukri.com/credicus-business-services-jobs-careers-123749799,Just Now,10
221024924095,Business Development Executive Office Work,MIT,https://www.naukri.com/credicus-business-services-jobs-careers-123749799,Few Hours Ago,10
260424500998,Business Development / Lead Generation Specialist,Insilicominds,https://www.naukri.com/insilicominds-jobs-careers-124180080,30+ Days Ago,10
071024013943,"Req BDM: Lead Generation, Inside Sales, Corporate Calling | WFH
",Miracle Corporate Solutions,https://www.naukri.com/miracle-corporate-solutions-jobs-careers-35821,15 Days Ago,10
300524500664,Demand Generation Executive,Marathon B2b,https://www.naukri.com/marathon-b2b-jobs-careers-124171588,30+ Days Ago,10
091024502741,Lead Generation (Research Analyst),Kiwi Technologies India,https://www.naukri.com/kiwi-technologies-india-jobs-careers-1850694,13 Days Ago,11
071024905115,Email Marketing / Lead Generation Manager,Essvee Consultant,https://www.naukri.com/essvee-consultant-jobs-careers-123488705,15 Days Ago,11
250417502955,ASST BDM - LEAD GENERATION,Infoicon Technologies,https://www.naukri.com/infoicon-technologies-jobs-careers-765934,30+ Days Ago,11
090715500315,ASST BDM - LEAD GENERATION,Infoicon Technologies,https://www.naukri.com/infoicon-technologies-jobs-careers-765934,30+ Days Ago,11
020216503368,ASST BDM -  LEAD GENERATION,Infoicon Technologies,https://www.naukri.com/infoicon-technologies-jobs-careers-765934,30+ Days Ago,11
250924503959,Lead Generation Specialist,Jumpfactor,https://www.naukri.com/jumpfactor-jobs-careers-123914273,27 Days Ago,11
130824502621,Lead Generation Specialist,Softone,https://www.naukri.com/softone-jobs-careers-3342678,30+ Days Ago,11
280324500990,Lead Generation Specialist,Tsl Consulting,https://www.naukri.com/tsl-consulting-jobs-careers-168800,30+ Days Ago,11
260924915856,Lead Generation Specialist (IT products & services),Denave,https://www.naukri.com/denave-jobs-careers-51811,26 Days Ago,11
260924915834,Lead Generation Specialist,Denave,https://www.naukri.com/denave-jobs-careers-51811,26 Days Ago,11
250724008179,Lead Generation Specialist (IT products & services),Denave,https://www.naukri.com/denave-jobs-careers-51811,26 Days Ago,11
221223500448,Lead Generation Specialist   Automated Email Campaigns,Galaxy Weblinks,https://www.naukri.com/galaxy-weblinks-jobs-careers-226501,30+ Days Ago,11
160424501499,Lead Generation Specialist (Cold Calling),Vescript Its,https://www.naukri.com/vescript-its-jobs-careers-124158686,30+ Days Ago,11
091024017219,Lead Generation Executive,360 Degree Cloud Technologies,https://www.naukri.com/360-degree-cloud-technologies-jobs-careers-4080616,13 Days Ago,11
270623501341,Presales Lead Generation Executives,Nextwave Creators,https://www.naukri.com/nextwave-creators-jobs-careers-123855219,30+ Days Ago,11
080223500050,Lead Generation Executive,Mind Digital Group,https://www.naukri.com/mind-digital-group-jobs-careers-1881856,30+ Days Ago,11
260924913627,Lead Generation Executive(IT Sales),Analytics / KPO / Research,,26 Days Ago,11
120924001760,Lead Generation Executive,Risenix Global Llp,https://www.naukri.com/risenix-global-jobs-careers-124371748,30+ Days Ago,11
151024502244,Business Development Executive,Stepcoders,https://www.naukri.com/stepcoders-jobs-careers-124395984,7 Days Ago,11
181024015601,Lead Generation Specialist,Futuresoft India,https://www.naukri.com/futuresoft-india-jobs-careers-446,4 Days Ago,11
180423501704,Lead Generation Executive,IMC Group (Member Firm of Andersen Global),https://www.naukri.com/imc-group-jobs-careers-123728933,30+ Days Ago,12
031024909353,Lead Generation Executive,Kaspon,https://www.naukri.com/kaspon-jobs-careers-798544,19 Days Ago,12
021024004216,Email Lead Generation Executive,EPixelSoft,https://www.naukri.com/epixel-jobs-careers-4686690,20 Days Ago,12
200715503568,Lead Generation Executive,Trendz Web Solution,https://www.naukri.com/trendz-web-solution-jobs-careers-1974234,30+ Days Ago,12
160518500527,Lead Generation Executive,Lobotus Technology Private Limited,https://www.naukri.com/lobotus-technology-jobs-careers-1001914,30+ Days Ago,12
241023500433,Lead Generation Executive (Email Marketing),Webisdom Management Services,https://www.naukri.com/webisdom-management-services-jobs-careers-827159,30+ Days Ago,12
240924016949,Lead Generation Executive,Job Excel,https://www.naukri.com/job-excel-jobs-careers-16832,28 Days Ago,12
220923501786,Team Leader / Business Development Executive,Digital Trainee,https://www.naukri.com/digital-trainee-jobs-careers-4844466,30+ Days Ago,12
090824501360,Lead Generation Executive,AKAL Information Systems Ltd.,https://www.naukri.com/akal-information-systems-jobs-careers-561287,30+ Days Ago,12
081222503365,Lead generation Executive,MM STAFFING CAREER CONSULTANTS PRIVATE LIMITED,https://www.naukri.com/mm-staffing-career-consultants-jobs-careers-123464631,30+ Days Ago,12
200924019353,Lead Generation Executive,Valuelabs,https://www.naukri.com/valuelabs-jobs-careers-9335,30+ Days Ago,12
211024014464,Business Development Executive,B Pointer Technologies,https://www.naukri.com/b-pointer-technologies-jobs-careers-5035310,1 Day Ago,12
290922501108,Lead Generation Specialist,Development Logics Solutions Pvt. Ltd.,https://www.naukri.com/development-logics-solutions-jobs-careers-1110466,30+ Days Ago,12
041024917540,Lead Generation Manager / Business development,Essvee Consultant,https://www.naukri.com/essvee-consultant-jobs-careers-123488705,18 Days Ago,12
250924012516,"Lead Generation Specialist| Bangalore, Hebbal|US Shifts",Clean Harbors,https://www.naukri.com/clean-harbors-jobs-careers-4976032,27 Days Ago,12
230824502567,Lead Generation Specialist,Inductus,https://www.naukri.com/inductus-jobs-careers-3477624,30+ Days Ago,12
200319600394,"LEAD GENERATION and B2B sales, US Market Research Analyst",DLD Human Resource Management,https://www.naukri.com/dld-human-resource-management-jobs-careers-4227804,30+ Days Ago,12
221024925535,Inside Sales Executive Sal 25k Inhand,Ada Tech Solution Pvt Ltd ,https://www.naukri.com/credicus-business-services-jobs-careers-123749799,Just Now,12
221024926056,Inside Sales Executive Sal 32k Inhand,Credicus,https://www.naukri.com/credicus-business-services-jobs-careers-123749799,Just Now,12
221024925929,Inside Sales Executive Sal 32k Inhand,Credicus,https://www.naukri.com/credicus-business-services-jobs-careers-123749799,Just Now,12
221024924822,Inside Sales Executive Sal 35k Inhand,MIT,https://www.naukri.com/credicus-business-services-jobs-careers-123749799,Just Now,13
221024924048,Inside Sales Executive Sal 35k Inhand,MIT School of Distance Education(MITSDE),https://www.naukri.com/credicus-business-services-jobs-careers-123749799,Few Hours Ago,13
141024006548,Business Development Executive - Interior Design,Kadiwa Studio,https://www.naukri.com/kadiwa-studio-jobs-careers-123867123,8 Days Ago,13
220222501062,Pre Sales / Lead Generation Executive,Blueweave Consulting,https://www.naukri.com/blueweave-consulting-jobs-careers-4502234,30+ Days Ago,13
211223500970,Lead Generation Specialist,AKAL Information Systems Ltd.,https://www.naukri.com/akal-information-systems-jobs-careers-561287,30+ Days Ago,13
250924016778,"Lead Generation Specialist In IT B2B Process
",Denave,https://www.naukri.com/denave-jobs-careers-51811,26 Days Ago,13
181022007730,"Opening For lead generation B2B, Inside Sales Account manager role B2B",Denave,https://www.naukri.com/denave-jobs-careers-51811,26 Days Ago,13
260924915871,Lead Generation Specialist,Denave,https://www.naukri.com/denave-jobs-careers-51811,26 Days Ago,13
260924915857,Lead Generation Specialist (IT products & services),Denave,https://www.naukri.com/denave-jobs-careers-51811,26 Days Ago,13
120923500814,Lead Generation Specialist,Phoenix Hire,https://www.naukri.com/phoenix-hire-jobs-careers-123925211,30+ Days Ago,13
171024922150,Telle caller / (Business Development Executive),Shobi Group,https://www.naukri.com/shobi-group-jobs-careers-124291104,5 Days Ago,13
181024006909,Business Development Executive,Engineered Food Concepts,https://www.naukri.com/engineered-food-concepts-jobs-careers-3205474,4 Days Ago,13
300924013593,Lead Generation Executive,Viva Composite Panel,https://www.naukri.com/viva-composite-panel-jobs-careers-4402148,22 Days Ago,13
270924918901,Lead Generation Executive,DDI,https://www.naukri.com/ddi-jobs-careers-124038968,25 Days Ago,13
270424500934,Lead Generation Executive - Callifony,Callifony,https://www.naukri.com/callifony-jobs-careers-6784259,30+ Days Ago,13
200924910196,Lead Generation Executive,Conductexam,https://www.naukri.com/conductexam-jobs-careers-124382364,30+ Days Ago,13
190724501351,International Lead Executive (Lead Generation),Benson Polymers,https://www.naukri.com/benson-polymers-jobs-careers-123698233,30+ Days Ago,13
180624501320,Lead generation Executive,KAPGROW CORPORATE ADVISORY SERVICES PVT,https://www.naukri.com/kapgrow-corporate-advisory-services-jobs-careers-2521752,30+ Days Ago,13
170924501085,Lead Generation Executive,Secure Network Solutions,https://www.naukri.com/secure-network-solutions-jobs-careers-2506510,30+ Days Ago,13
300924010198,Lead Generation Executive,Versify Exhibits Pvt Ltd.,https://www.naukri.com/versify-exhibits-jobs-careers-124142772,22 Days Ago,13
250924508643,Lead Generation Executive - B2B QA Testing Services,Shravas Technologies,https://www.naukri.com/shravas-technologies-jobs-careers-6456162,27 Days Ago,14
190624501095,Email Marketing Lead Generation Executive,Roi Minds Pvt Ltd,https://www.naukri.com/roi-minds-jobs-careers-4924196,30+ Days Ago,14
270723502452,Lead Generation Executive/ Bidding Executive,Eastsons,https://www.naukri.com/eastsons-jobs-careers-3828034,30+ Days Ago,14
260924501907,Lead Generation Executive,Analytics Liv Digital,https://www.naukri.com/analytics-liv-digital-jobs-careers-123794339,26 Days Ago,14
210823500166,Lead Generation Executive,Gammastack,https://www.naukri.com/gammastack-jobs-careers-5515280,30+ Days Ago,14
120124501736,Lead Generation Executive,Logix Shapers Offshore Services,https://www.naukri.com/logix-shapers-offshore-services-jobs-careers-1517476,30+ Days Ago,14
021123501040,Presales Lead Generation Executive,E2webservices,https://www.naukri.com/e2webservices-jobs-careers-5756526,30+ Days Ago,14
010424501577,Lead Generation Executive,Delight Erp,https://www.naukri.com/delight-erp-jobs-careers-124142148,30+ Days Ago,14
311019500702,Lead Generation Executive,Immerpact,https://www.naukri.com/immerpact-jobs-careers-5211134,30+ Days Ago,14
290717500746,Executive Lead Generation,123GREETINGS.COM,https://www.naukri.com/123greetings-jobs-careers-1968560,30+ Days Ago,14
290124500552,Lead Generation Executive,HIC Global Solutions ,https://www.naukri.com/hic-global-solutions-jobs-careers-5528018,30+ Days Ago,14
280917500238,Lead Generation Executive,Streamsource Services,https://www.naukri.com/streamsource-services-jobs-careers-3235914,30+ Days Ago,14
280324501778,Lead Generation Executive,Acerise Technologies,https://www.naukri.com/acerise-technologies-jobs-careers-7140999,30+ Days Ago,14
250924506638,Lead Generation Executive,WRP Solution,https://www.naukri.com/wrp-solution-jobs-careers-124269076,27 Days Ago,14
250123502847,Lead Generation Executive,Innofied Solution,https://www.naukri.com/innofied-solution-jobs-careers-935388,30+ Days Ago,14
230719500979,Lead Generation Executive - LCIPL,Lcipl,https://www.naukri.com/lcipl-jobs-careers-1268120,30+ Days Ago,14
230421500992,Lead Generation Executive,Railscarma,https://www.naukri.com/railscarma-jobs-careers-5539674,30+ Days Ago,14
210119501550,Lead Generation Executive,Germane Analytics,https://www.naukri.com/germane-analytics-jobs-careers-1972384,30+ Days Ago,14
200223501376,Lead Generation Executive,Carmatec It Solutions,https://www.naukri.com/carmatec-it-solutions-jobs-careers-104674,30+ Days Ago,14
190521501447,Lead Generation Executive,Startup Ca,https://www.naukri.com/startup-ca-jobs-careers-5681696,30+ Days Ago,14
130217501802,Executive- Lead Generation,123greetings.com,https://www.naukri.com/123greetings-jobs-careers-1968560,30+ Days Ago,15
111120501580,Lead Generation Executive,Dewii,https://www.naukri.com/dewii-jobs-careers-5504840,30+ Days Ago,15
090420500542,Lead Generation Executive,Ads Triangle,https://www.naukri.com/ads-triangle-jobs-careers-1134254,30+ Days Ago,15
080324500507,Lead Generation Executive,Hackerkernel,https://www.naukri.com/hackerkernel-jobs-careers-5318920,30+ Days Ago,15
080221500057,Lead Generation Executive,Mars Web Solution,https://www.naukri.com/mars-web-solution-jobs-careers-708067,30+ Days Ago,15
070617500541,Lead Generation Executive,Right Step Consulting,https://www.naukri.com/right-step-consulting-jobs-careers-3006082,30+ Days Ago,15
060924500156,Lead Generation Executive,Exiliensoft Consulting Services,https://www.naukri.com/exiliensoft-consulting-services-jobs-careers-123649575,30+ Days Ago,15
050218501411,"Lead Generation Executive, Telecalling",Zeki Software,https://www.naukri.com/zeki-jobs-careers-4132448,30+ Days Ago,15
031218500574,Executive - Lead Generation,123greetings.com,https://www.naukri.com/123greetings-jobs-careers-1968560,30+ Days Ago,15
030522501155,International Lead Generation Executive,Coloredcow,https://www.naukri.com/coloredcow-jobs-careers-4729960,30+ Days Ago,15
020915503911,Lead Generation Executive,Solution Analysts,https://www.naukri.com/solution-analysts-jobs-careers-1448928,30+ Days Ago,15
041024917901,Lead Generation Manager / Lead Generation Executive,Essvee Consultant,https://www.naukri.com/essvee-consultant-jobs-careers-123488705,18 Days Ago,15
191024006240,International Business Development Executive,BCM Group,https://www.naukri.com/bcm-group-jobs-careers-928550,3 Days Ago,15
141024006913,Walk-In Drive For Lead Generation (International Voice Process),On Direct Marketing Services,https://www.naukri.com/on-direct-marketing-services-jobs-careers-6969213,8 Days Ago,15
081024024388,Lead Generation Specialist,Appy Pie,https://www.naukri.com/appy-pie-jobs-careers-3339880,14 Days Ago,15
041024918198,Lead Generation Executive,Our Client,,18 Days Ago,15
240724005987,Fresher/Experienced- Inside Sales Executive/Business Development,Collabera,https://www.naukri.com/collabera-jobs-careers-1440014,Just Now,15
221024923378,"Business Development Executive, Inside Sales Sal upto 25k",Eureka Outsourcing Solutions (EOS),https://www.naukri.com/credicus-business-services-jobs-careers-123749799,Few Hours Ago,15
221024923221,"Business Development Executive, Inside Sales Sal upto 25k",Credicus,https://www.naukri.com/credicus-business-services-jobs-careers-123749799,Few Hours Ago,15
221024922798,"Business Development Executive, Inside Sales Sal upto 25k",Eureka,https://www.naukri.com/credicus-business-services-jobs-careers-123749799,Few Hours Ago,15
221024922311,"Business Development Executive, Inside Sales",Starconnect,https://www.naukri.com/credicus-business-services-jobs-careers-123749799,Few Hours Ago,16
221024919521,"Business Development Executive, Inside Sales Sal upto 25k",Eureka,https://www.naukri.com/credicus-business-services-jobs-careers-123749799,Few Hours Ago,16
091024020842,Business Development Executive (Inside Sales),Mantrras2success HR Solutions ,,1 Day Ago,16
071123500076,Business Lead Generation Specialist,Infocusp Innovations,https://www.naukri.com/infocusp-innovations-jobs-careers-3671976,30+ Days Ago,16
141024010707,Lead Generation Specialist,"Talent Corner Hr Services
",,7 Days Ago,16
300724501322,Senior Lead Generation Specialist / Senior BDE,Inoptra Digital,https://www.naukri.com/inoptra-digital-jobs-careers-6360088,30+ Days Ago,16
130824501720,Lead Generation Specialist,Cart Geek,https://www.naukri.com/cart-geek-jobs-careers-4440288,30+ Days Ago,16
280924005274,Lead Generation Specialist,Wildnet Technologies,https://www.naukri.com/wildnet-technologies-jobs-careers-23056,24 Days Ago,16
200924013096,Lead Generation Specialist,Elets Technomedia,https://www.naukri.com/elets-technomedia-jobs-careers-189441,30+ Days Ago,16
270224500453,Lead Generation Specialist,Covrize,https://www.naukri.com/covrize-jobs-careers-123580507,30+ Days Ago,16
190822502493,Lead Generation Specialist,Knotsync,https://www.naukri.com/knotsync-jobs-careers-6960679,30+ Days Ago,16
170724501322,Lead Generation Specialist,Creyox Technologies,https://www.naukri.com/creyox-technologies-jobs-careers-124293230,30+ Days Ago,16
210323501145,Lead Generation Specialist,Enthuziastic,https://www.naukri.com/enthuziastic-jobs-careers-5676032,30+ Days Ago,16
130121002267,Lead Generation Specialist,Client of Vision Unlimited,,15 Days Ago,16
131218501807,Lead Generation Executive / Online bidding / BD / Online bidder,Global websoft pvt ltd,https://www.naukri.com/global-websoft-jobs-careers-4512560,30+ Days Ago,16
221024925868,Inside Sales Executive,MIT,https://www.naukri.com/credicus-business-services-jobs-careers-123749799,Just Now,16
221024923567,Inside Sales Executive @MIT,MIT,https://www.naukri.com/credicus-business-services-jobs-careers-123749799,Few Hours Ago,16
221024923473,"Inside Sales Executive, Telesales",MIT,https://www.naukri.com/credicus-business-services-jobs-careers-123749799,Few Hours Ago,16
221024922587,"Inside Sales Executive, Telesales",MIT,https://www.naukri.com/credicus-business-services-jobs-careers-123749799,Few Hours Ago,16
221024922441,"Urgent Vacancy Inside Sales Executive, Telesales",MIT,https://www.naukri.com/credicus-business-services-jobs-careers-123749799,Few Hours Ago,16
081024500928,Business Development Executive,Mobinius Technologies,https://www.naukri.com/mobinius-technologies-jobs-careers-1466606,14 Days Ago,17
071024000077,Business Development Executive - IN House Sales,Aarons Visions,https://www.naukri.com/aarons-visions-jobs-careers-4449626,1 Day Ago,17
260924501459,Inside Sales Representative/ Lead Generation,TMotions ,https://www.naukri.com/tmotions-jobs-careers-4172292,26 Days Ago,17
180319501682,Inside Sales Associate/ Lead Generation Expert,Evolvus Solutions,https://www.naukri.com/evolvus-solutions-jobs-careers-1971098,30+ Days Ago,17
260924008013,Real Estate - Lead Generation Specialist,Mores Techno Pvt. Ltd.,https://www.naukri.com/mores-techno-jobs-careers-123896803,26 Days Ago,17
230924006827,Lead Generation Specialist In IT B2B Process,Denave,https://www.naukri.com/denave-jobs-careers-51811,26 Days Ago,17
221024927525,Business Development Associate,MIT,https://www.naukri.com/credicus-business-services-jobs-careers-123749799,Just Now,17
221024927452,Business Development Associate @ MIT Alandi,MIT,https://www.naukri.com/credicus-business-services-jobs-careers-123749799,Just Now,17
221024020812,Business Development Executive,Sunstream Global Technologies,https://www.naukri.com/sunstream-jobs-careers-2219878,Few Hours Ago,17
221024012103,Exclusive offer For Freshers MBA- Business Development Executive,Black and white Business,,1 Day Ago,17
221024011464,On Spot offer For Freshers MBA- Business Development Executive,On Spot offer for Freshers MBA- Business Development ,,1 Day Ago,17
221024011226,Business Development Executive,BLACK AND WHITE CONSULTING,https://www.naukri.com/black-and-white-consulting-jobs-careers-4145376,1 Day Ago,17
101024014780,"Business Development Executive - Sion, Mumbai location",Wishtel India,https://www.naukri.com/wishtel-india-jobs-careers-123859633,12 Days Ago,17
221024927560,"Lead Generation Executive, Outbound Voice process, Telecaller",Athena BPO,https://www.naukri.com/credicus-business-services-jobs-careers-123749799,Just Now,17
231222501043,Social Media Executive/ Digital Lead Generation Executive,CBI Consulting Solutions,https://www.naukri.com/cbi-consulting-solutions-jobs-careers-123604843,30+ Days Ago,17
240924011872,Business Development Specialist (BDS) - US Shift,Leading Client.,,28 Days Ago,17
240624501990,Sales Enablement Specialist / Lead Generation Specialist,VT Netzwelt,https://www.naukri.com/vt-netzwelt-jobs-careers-847362,30+ Days Ago,17
050724500205,Sales Lead Generation Specialist,Systems Plus Solutions Pvt Ltd,https://www.naukri.com/systems-plus-jobs-careers-20127,30+ Days Ago,17
100521500172,Lead Generation / Sales Development Rep-Remote,ServerGuy,https://www.naukri.com/serverguy-jobs-careers-3360014,30+ Days Ago,17
300921502256,Sales Lead Generation Specialist,Bhadani Technologies,https://www.naukri.com/bhadani-technologies-jobs-careers-2963054,30+ Days Ago,17
190923500182,Lead Generation Specialist (Pre-sales),Ebizneeds (India) Internet Solutions Pvt. Ltd,https://www.naukri.com/ebizneeds-jobs-careers-3930752,30+ Days Ago,18
181024016593,"Inside Sales Executive @JM Finance
",JM Financial,https://www.naukri.com/credicus-business-services-jobs-careers-123749799,4 Days Ago,18
221024925089,Inside Sales Executive/Insurance,Kotak Life Insurance,https://www.naukri.com/credicus-business-services-jobs-careers-123749799,Just Now,18
211024011465,Business Development Executive,Expo Stand Services,https://www.naukri.com/expo-stand-services-jobs-careers-6477022,1 Day Ago,18
211024002572,Business Development Executive,IndiaMART,https://www.naukri.com/indiamart-jobs-careers-18735,1 Day Ago,18
151024020810,Business Development Executive,IBG Infotech Pvt Ltd ,https://www.naukri.com/ibg-fincon-solutions-jobs-careers-1028008,7 Days Ago,18
120924017388,Business Development Executive,Demanday,https://www.naukri.com/consultech-code-jobs-careers-123555415,30+ Days Ago,18
221024921674,"Lead Generation Executive, Outbound Voice process, Telecaller",Athena BPO,https://www.naukri.com/credicus-business-services-jobs-careers-123749799,Few Hours Ago,18
221024921064,"Lead Generation Executive, Outbound Voice process, Telecaller",Athena BPO,https://www.naukri.com/credicus-business-services-jobs-careers-123749799,Few Hours Ago,18
221024920953,"Lead Generation Executive, Outbound Voice process, Telecaller",Athena BPO,https://www.naukri.com/credicus-business-services-jobs-careers-123749799,Few Hours Ago,18
221024919645,"Lead Generation Executive, Outbound Voice process, Telecaller",Athena BPO,https://www.naukri.com/credicus-business-services-jobs-careers-123749799,Few Hours Ago,18
250924011380,Demand Generation Executive,On Direct Marketing Services,https://www.naukri.com/on-direct-marketing-services-jobs-careers-6969213,27 Days Ago,18
240924023333,Demand Generation Executive,On Direct Marketing Services,https://www.naukri.com/on-direct-marketing-services-jobs-careers-6969213,28 Days Ago,18
031024014101,Job Alert - Demand Generation Executive,On Direct Marketing Services,https://www.naukri.com/on-direct-marketing-services-jobs-careers-6969213,15 Days Ago,18
121023501741,Demand Generation Executive,The Salesbridge,https://www.naukri.com/the-salesbridge-jobs-careers-123724989,30+ Days Ago,18
171024917296,Business Development Associate - Presales (Marathi),Nxtwave Disruptive Technologies,https://www.naukri.com/nxtwave-disruptive-technologies-jobs-careers-6464318,5 Days Ago,18
171024916173,Business Development Associate - Presales (Marathi),Nxtwave Disruptive Technologies,https://www.naukri.com/nxtwave-disruptive-technologies-jobs-careers-6464318,5 Days Ago,18
171024018966,Business Development Executive,Trivium Education Services,https://www.naukri.com/trivium-education-services-jobs-careers-734843,5 Days Ago,18
181024011915,Inside Sales Executive,Brickbillion Properties,https://www.naukri.com/brickbillion-properties-jobs-careers-124419200,4 Days Ago,18
020424500882,Business Development Executive (BDE),Smartscripts Web Solutions,https://www.naukri.com/smartscripts-web-solutions-jobs-careers-123841051,30+ Days Ago,18
051024908143,BDE / Lead Generation Specialist,Protonbits Software,https://www.naukri.com/protonbits-jobs-careers-124236004,17 Days Ago,19
300924503017,Lead Generation Specialist CIS,Techbiz Global,https://www.naukri.com/techbiz-global-jobs-careers-123720455,22 Days Ago,19
270924009246,Lead Generation Specialist,OffLens Design,https://www.naukri.com/offlens-tech-jobs-careers-124065234,25 Days Ago,19
250924508292,Lead Generation Specialist,Nway Erp,https://www.naukri.com/nway-erp-jobs-careers-124381374,27 Days Ago,19
250924504981,Lead Generation Specialist (Cold Email + LinkedIn),Optimite,https://www.naukri.com/optimite-jobs-careers-5177666,27 Days Ago,19
250924503639,Lead Generation Specialist,Meduit Labs,https://www.naukri.com/meduit-labs-jobs-careers-123545543,27 Days Ago,19
240624501139,Lead Generation Specialist,Aavid Technologies,https://www.naukri.com/aavid-technologies-jobs-careers-2029044,30+ Days Ago,19
190924502492,Lead Generation Specialist,Skills 2 Acheive Online,https://www.naukri.com/skills-2-acheive-online-jobs-careers-124352864,30+ Days Ago,19
070624500910,Lead Generation Campaign Specialist / Growth Marketer IT Services,Colorwhistle,https://www.naukri.com/colorwhistle-jobs-careers-3820012,30+ Days Ago,19
180723500125,BDM / Lead Generation Specialists,Radicalloop Technolabs,https://www.naukri.com/radicalloop-technolabs-jobs-careers-123881083,30+ Days Ago,19
300724501351,Lead Generation Specialist,Moris Media,https://www.naukri.com/moris-media-jobs-careers-123772700,30+ Days Ago,19
290621501660,Lead Generation Specialist,Atkku Services,https://www.naukri.com/atkku-services-jobs-careers-4609284,30+ Days Ago,19
270924008038,Email Marketing Lead Generation and Conversion Specialist,ASV Consulting Services,https://www.naukri.com/asv-consulting-services-jobs-careers-124164974,25 Days Ago,19
270624500533,Lead Generation Specialist,Qualysec Beyond Cybersecurity,https://www.naukri.com/qualysec-beyond-cybersecurity-jobs-careers-123729795,30+ Days Ago,19
270324501864,Lead Generation Specialist,Techo2,https://www.naukri.com/techo2-jobs-careers-1724902,30+ Days Ago,19
260724502039,SEM & Lead Generation Specialist,C1 India,https://www.naukri.com/c1-india-jobs-careers-904886,30+ Days Ago,19
250924505692,Lead Generation Specialist,Aubergine Solutions,https://www.naukri.com/aubergine-solutions-jobs-careers-3596606,27 Days Ago,19
250419501749,Lead Generation Specialist,Radiss Tech Services India Pvt Ltd.,https://www.naukri.com/radiss-tech-services-jobs-careers-2701760,30+ Days Ago,19
250223501126,Lead Generation Specialist,Hireeazy,https://www.naukri.com/hireeazy-jobs-careers-123545257,30+ Days Ago,19
231222500003,Lead Generation Specialist,Aquabrane Water Technologies Pvt. Ltd,https://www.naukri.com/aquabrane-jobs-careers-2518570,30+ Days Ago,19
230622500864,Lead Generation Specialist,Satisfic Pte,https://www.naukri.com/satisfic-pte-jobs-careers-6913853,30+ Days Ago,20
230620500022,Lead Generation Specialist,PPC Papa,https://www.naukri.com/ppc-papa-jobs-careers-5529576,30+ Days Ago,20
230424501602,Lead Generation Specialist,Shanti Vijay Advertisers,https://www.naukri.com/shanti-vijay-advertisers-jobs-careers-123585733,30+ Days Ago,20
230124501217,Lead Generation Specialist,Weblineindia,https://www.naukri.com/weblineindia-jobs-careers-1841888,30+ Days Ago,20
210524500930,Lead Generation Specialist,Autuskey,https://www.naukri.com/autuskey-jobs-careers-3125730,30+ Days Ago,20
210123500341,Lead Generation Specialist,Nway Technologies Pvt Ltd,https://www.naukri.com/nway-technologies-jobs-careers-1887136,30+ Days Ago,20
190523501041,Lead Generation Specialist,Star Tele,https://www.naukri.com/star-tele-jobs-careers-2625764,30+ Days Ago,20
190520501163,Lead Generation Specialist - Presales,Tick Softwares,https://www.naukri.com/tick-softwares-jobs-careers-4138154,30+ Days Ago,20
180923500165,Lead Generation Specialist,Cyntexa,https://www.naukri.com/cyntexa-jobs-careers-4977754,30+ Days Ago,20
151119501988,Lead Generation Specialist,Growth Technosoft,https://www.naukri.com/growth-technosoft-jobs-careers-834530,30+ Days Ago,20
130224501290,Lead Generation and Data Management Specialist,Manus Aktteva,https://www.naukri.com/manus-aktteva-jobs-careers-4354160,30+ Days Ago,20
120424500630,Lead Generation Specialist,Webcreta Technologies,https://www.naukri.com/webcreta-technologies-jobs-careers-5510820,30+ Days Ago,20
080424502397,Lead Generation Specialist,Weassemble,https://www.naukri.com/weassemble-jobs-careers-6056668,30+ Days Ago,20
080224500583,Lead Generation Specialist,Weblineindia,https://www.naukri.com/weblineindia-jobs-careers-1841888,30+ Days Ago,20
060924501225,Lead Generation Specialist,Onlinetoken,https://www.naukri.com/onlinetoken-jobs-careers-7030191,30+ Days Ago,20
050924504523,Lead Generation Specialist,Gsti Technologies India Pvt.ltd,https://www.naukri.com/gsti-technologies-india-jobs-careers-4098826,30+ Days Ago,20
040924501183,Lead Generation Specialist,Jtsi Technologies India,https://www.naukri.com/jtsi-technologies-india-jobs-careers-124354300,30+ Days Ago,20
030921500462,Lead Generation Specialist,Infozion Technologies,https://www.naukri.com/infozion-technologies-jobs-careers-6024144,30+ Days Ago,20
011223501432,Lead Generation Specialist,Weblogy Sphere,https://www.naukri.com/weblogy-sphere-jobs-careers-6777631,30+ Days Ago,20
011220501028,Lead Generation Specialist,Angler Technologies,https://www.naukri.com/angler-technologies-jobs-careers-36697,30+ Days Ago,20
